model,full_TP,full_pre,full_rec,full_f1
S1,6,0.8571428571428571,0.8571428571428571,0.8571428571428571
S2,7,1.0,1.0,1.0
S3,7,1.0,1.0,1.0
